{"r2": 0.550075980783665, "mae": 34.196322144888455, "feature_importance": {"_type": "image-file", "sha256": "9d743e1d875eefc8dd99997d735b7a85385cfa98fad2e06eeaafc3f3cb9b4588", "size": 33304, "path": "media/images/feature_importance_0_9d743e1d875eefc8dd99.png", "format": "png", "width": 1000, "height": 1000}, "_timestamp": 1736375735.5901036, "_runtime": 7.158993721008301, "_step": 0, "_wandb": {"runtime": 6}}